id;nric;hash_1;hash_2;created_date;modified_date
1;IB Refined Frozen Towels Beauty;markets support vortals;Rubber customized Table;2019-07-22;2019-07-22
2;withdrawal South Carolina Pakistan Rupee;Malagasy Ariary;Intelligent;2019-07-22;2019-07-22
3;Technician web-enabled;Investment Account;Analyst motivating optimize;2019-07-22;2019-07-22
4;vertical;Checking Account Corporate;holistic;2019-07-22;2019-07-22
5;Manors;turquoise Investment Account;Falls;2019-07-22;2019-07-22
6;Sports Movies;backing up;Gorgeous web-enabled redundant;2019-07-22;2019-07-22
7;empower Unbranded Plastic Shirt;Gorgeous Auto Loan Account Granite;XML Utah;2019-07-23;2019-07-22
8;Australian Dollar Architect Frozen;Shirt;mindshare metrics;2019-07-22;2019-07-22
9;Phased Guyana Dollar secured line;Usability calculating Sports;Movies port;2019-07-22;2019-07-23
10;Auto Loan Account;Cross-group withdrawal online;revolutionary Rubber;2019-07-22;2019-07-22
